X,Y,Z_MNT,facies
679573.48,6180944.969,127.92,4
680068.36,6180803.325,123.76,4
676352.61,6179248.007,160.68,4
679682.15,6180765.743,118.06,4
676320.63,6178885.457,155.9,4
678227.75,6180083.692,138.73,4
679267.95,6180450.902,142.56,4
679038.07,6180286.453,139.12,4
679217.93,6180851.983,139.44,4
676707.54,6179445.016,131.23,4
678511.76,6180334.339,143.12,4
679654.83,6180568.483,115.55,4
679410.68,6180894.804,121.02,4
678942.06,6180057.353,140.28,4
677212.71,6179650.476,151.72,4
678453.3,6179859.045,139.79,4
676812.21,6179599.314,150.2,4
676798.96,6179370.268,122.98,4
679264.72,6180061.634,132.21,4
678383.61,6180292.712,125.04,4
679463.86,6180149.826,120.74,4
679850.66,6180403.352,125.84,4
679098.48,6180144.03,135.26,4
678654.74,6180378.955,152.34,4
679358.55,6180337.978,134.86,4
678430.12,6180004.722,129.28,4
678040.47,6179961.925,148.22,4
678960.93,6179880.599,118.16,4
678879.73,6179754.374,109.66,4
678697.87,6180522.805,156.2,4
676056.36,6179609.41,174.28,4
676742.93,6179677.764,143.37,4
676564.56,6179646.958,131.26,4
676954.3,6179231.042,127.09,4
676135.15,6179218.979,147.54,4
677443.7,6179778.073,149.48,4
679349.05,6180134.768,127.98,4
679402.92,6180747.998,118.72,4
678741.25,6179857.981,112.31,4
676117.33,6179327.521,164.03,4
679766.73,6180876.219,133.78,4
679072.07,6180424.275,140.86,4
678927.57,6180162.486,144.29,4
678362.65,6180180.874,128.76,4
676536.48,6179432.038,158.12,4
679989.58,6180737.37,119.96,4
676433.16,6179335.401,158.94,4
679686.64,6180461.681,133.1,4
677589.43,6179845.927,160.52,4
679292.95,6180250.814,131.82,4
679866.86,6180743.323,122.07,4
680150.71,6180468.137,105.24,4
676028.51,6179438.096,176.66,4
676816.93,6179485.712,131.89,4
678187.16,6179973.686,137.92,4
676770.78,6179241.186,138.33,4
676540.95,6179308.574,147.51,4
678867.29,6180384.531,150.16,4
677098.98,6179649.085,155.6,4
676525.66,6179547.884,142.4,4
678209.6,6179740.067,129.64,4
676809.64,6179128.177,143.51,4
679580.58,6180374.604,138.68,4
679003.8,6180764.96,156.69,4
676428.04,6179636.191,159.1,4
678538.83,6180237.454,136.04,4
678543.89,6180478.497,157.49,4
678900.62,6180672.936,155.6,4
678634.94,6179896.643,116.8,4
679501.55,6180287.089,133.44,4
678470.77,6180126.984,122.84,4
677358.79,6179716.768,152.45,4
679636.53,6180197.452,131.79,4
679747.11,6180677.615,111.03,4
678687.44,6180144.05,130.36,4
679146.56,6180336.763,138.95,4
678144.18,6180148.874,141.7,4
679825.8,6180543.874,114.24,4
677870.29,6179820.421,151.77,4
678245.97,6179870.967,130.91,4
675912.91,6179236.673,132.52,4
675734.49,6179255.052,161.1,4
675273.79,6179360.953,147.9,4
675864.52,6179507.689,146.45,4
675510.01,6179445.652,176.18,4
675641.66,6179299.067,174.5,4
675950.08,6179566.023,161.38,4
675403.01,6179444.577,154.07,4
675971.88,6179086.295,130.53,4
675901.95,6179396.93,140.54,4
675601.31,6179159.87,147.12,4
675836.88,6179119.979,141.64,4
676075.93,6178950.151,123.6,4
675481.29,6179280.586,159.56,4
675814.91,6179340.403,147.96,4
675335.8,6179279.337,136.45,4
675163.91,6179382.917,151.93,4
675552.44,6179351.49,176.3,4
674211.42,6179038.08,186.73,4
674626.72,6178873.417,166,4
675088.78,6179299.168,140.34,4
675000.78,6179091.539,159.66,4
674865.73,6179059.159,172.54,4
674820.73,6178963.632,155.52,4
674943.59,6178970.798,149.88,4
674353.32,6178976.151,186,4
674916.83,6179317.896,160.53,4
674460.69,6178906.732,175.86,4
675054.91,6179185.136,159.9,4
674201.04,6178918.914,171.56,4
674699.48,6178992.096,168.38,4
674785.22,6178866.556,149.89,4
675162.66,6179202.658,133.66,4
674353.45,6178873.44,172.02,4
674556.66,6178948.797,177.5,4
675104.66,6179089.681,145.46,4
672952.75,6178379.699,169.26,4
673056.1,6178648.076,175.86,4
672681.37,6178756.899,185.89,4
672784.2,6178501.742,195.9,4
673459.84,6178738.931,150.01,4
673349.33,6178736.684,155.74,4
672838.81,6178791.275,174.07,4
673653.17,6178852.731,132.33,4
673146.2,6178731.071,168.14,4
672981.34,6178539.365,177.86,4
672709.45,6178633.185,197.52,4
673776.9,6178990.059,131.06,4
672787.99,6178702.171,185.36,4
672983.12,6178716.583,175.15,4
673246.53,6178745.144,163.65,4
672897.56,6178468.605,182.84,4
673552.53,6178794.532,126.8,4
672911.39,6178613.15,182.59,4
673027.54,6178446.384,171.6,4
674370.84,6178086.227,113.54,4
672855.8,6178385.32,174.76,4
673963.48,6178232.811,111.24,4
673408.39,6178623.019,154.5,4
673306.3,6178645.113,159.6,4
672619.14,6178438.963,140.91,4
672815.05,6178125.15,137.86,4
672928.3,6178146.965,145.75,4
673928.57,6178373.093,112.28,4
673157.66,6178278.439,151.4,4
673800.87,6178168.66,120.86,4
673060.29,6178172.429,122.89,4
674460.54,6178161.535,115.24,4
673423.45,6178154.557,121.96,4
673665.15,6178668.741,122.06,4
674792.96,6178150.404,129.86,4
673505.68,6178367.904,151.64,4
674540.4,6178031.534,104.01,4
673899.53,6178545.163,129.32,4
672727.94,6178326.291,149.08,4
673987.66,6178456.724,120.1,4
674583.87,6178144.402,116.75,4
673539.41,6178682.696,144.84,4
672983.68,6178312.637,154.52,4
673819.58,6178709.021,128.86,4
674187.61,6178092.15,111.58,4
672749.85,6178459.352,179.96,4
673171.63,6178611.553,171.01,4
674078.76,6178315.04,121.45,4
673490.29,6178537.903,155.23,4
673069.73,6178432.004,170.94,4
674124.4,6178404.653,138.54,4
673251.77,6178156.612,143.22,4
673385.52,6178366.401,157.3,4
673260.13,6178333.913,145.6,4
673203.36,6178497.998,166.44,4
672870.05,6178275.385,161.24,4
673652.87,6178179.541,126.38,4
673421.04,6178463.842,158.42,4
673782.23,6178901.656,134.38,4
674188.76,6178242.582,126.04,4
673863.23,6178805.716,129.8,4
674666.32,6178037.453,105.94,4
674934.64,6178051.674,130.8,4
673619.27,6178768.233,123.92,4
673911.3,6178128.126,112.63,4
673304.74,6178451.263,163.76,4
673909.87,6178657.428,128.5,4
674005.16,6178588.945,142.48,4
673352.23,6178246.95,135.94,4
674069.63,6178170.284,110.81,4
673746.32,6178801.652,133.32,4
674705.97,6178205.204,135.9,4
674541.85,6178303.476,140.9,4
672631.67,6178297.193,132.71,4
674813.34,6178019.838,103.52,4
672737.94,6178197.703,135.76,4
673560.6,6178139.141,111.16,4
673811.2,6178609.094,120.88,4
673091.42,6178543.088,173.4,4
673169.85,6178388.12,160.4,4
673442.09,6178719.137,149.56,4
674010.3,6178084.925,105.24,4
674276.18,6178148.255,136.1,4
673014.05,6178079.844,115.17,4
674282.4,6178035.911,100.44,4
673849.87,6178455.487,118.84,4
674904.7,6178158.986,131.84,4
673153.14,6178093.416,112.68,4
673339.58,6178548.216,163.12,4
671519.22,6177637.885,123.09,4
671533.24,6177745.314,149.1,4
672552.25,6178141.982,135.68,4
671250.46,6177566.002,126.54,4
671937.66,6177852.789,119.88,4
672379.41,6178079.957,125.78,4
671579,6177861.658,143.01,4
671928.94,6177968.233,134.88,4
671807.99,6177862.311,150.74,4
671273.75,6177788.5,125.76,4
672593.35,6178029.28,116.74,4
671427.04,6177839.364,157.56,4
671696.79,6177791.309,135.44,4
671508.36,6177981.352,150.74,4
671792.39,6177731.855,117.89,4
672299.25,6177974.242,115.7,4
672102.71,6177890.946,116.01,4
671519,6178095.433,176.65,4
671136.07,6177536.52,126.93,4
671357.6,6177631.815,120.14,4
671221.66,6177685.963,140.2,4
672461.38,6177991.01,113.85,4
672179.79,6177978.652,120.85,4
671690.38,6177685.035,116.88,4
671600.44,6178033.109,171.66,4
671369.27,6177524.697,115.54,4
671435.47,6177700.488,152.86,4
671067.12,6177428.519,120.64,4
672678.07,6178086.618,117.93,4
672036.83,6177969.039,130.48,4
670134.83,6177052.183,120.22,4
670349.58,6177152.757,129.48,4
669898.78,6176885.372,123.26,4
670481.74,6177190.811,116.78,4
670618.4,6177281.97,133.8,4
669996.72,6176990.573,128.55,4
670766.88,6177321.151,123.63,4
670241.14,6177129.312,145.88,4
668338.52,6175868.028,160.4,4
668177.56,6175650.646,166.04,4
668047.14,6175657.52,162.67,4
668224,6175809.718,162.8,4
668119.13,6175761.926,181.62,4
668255.9,6175714.017,154,4
667885.71,6175382.088,197.26,4
667966.62,6175281.887,153.38,4
667992.71,6175391.978,191.6,4
668026.97,6175570.533,188.04,4
668099.9,6175483.368,202.2,4
667916.28,6175189.65,139.07,4
666649.22,6174305.13,166.76,4
666541.56,6174355.613,170.82,4
666559.17,6174241.954,170.94,4
666764.96,6174386.911,159.44,4
664543.22,6173197.308,284.08,4
664629.33,6172985.132,252.48,4
664737.47,6173192.933,226.39,4
664511.08,6172831.224,264.49,4
664673.66,6172749.096,230.4,4
664771.86,6172948.873,226.2,4
664642.63,6172505.743,234.36,4
664600.31,6173081.665,258.78,4
664664.87,6172638.953,230.09,4
664708.57,6173062.756,235.15,4
664754.24,6172825.645,225.52,4
664820.4,6172675.559,221.04,4
664548.36,6172705.267,254.64,4
664527.54,6172555.24,261.12,4
664499.53,6172947.434,273.58,4
664627.67,6172853.204,248.12,4
664822.6,6173322.093,212.9,4
664729.93,6172560.348,236.98,4
664811,6173062.243,211.81,4
664685.71,6173306.296,244.82,4
679366.4,6168703.146,147.52,4
679233.08,6168519.311,159.45,4
679476.43,6168469.783,143.8,4
679551.06,6168798.404,138.96,4
679082.44,6168113.752,158.57,4
679780.56,6168386.838,137.89,4
678772.64,6167355.522,168.16,4
679032.45,6167738.938,157.06,4
678627.07,6167818.227,175.88,4
679175.27,6168851.137,154.88,4
680152.86,6167920.664,152.35,4
678569.13,6167911.683,182.29,4
680204.99,6168316.341,129.57,4
678490.7,6167532.171,181.82,4
680020.19,6167943.297,150.52,4
679547.88,6168926.092,135.76,4
679158.56,6167772.869,160.64,4
678243.19,6167376.648,194.69,4
679223.2,6168625.99,152.11,4
678563.1,6167713.466,179.24,4
678380.69,6167421.775,186.37,4
679015.11,6167602.609,176.01,4
679571.5,6168051.911,146.15,4
678696.29,6167908.324,175.05,4
678944.61,6167470.956,171.91,4
679599.33,6168412.192,139.06,4
679245.98,6167874.769,158.52,4
680036.69,6168348.317,130.22,4
679571.43,6168198.874,142.08,4
679693.31,6168071.696,136.43,4
679162.07,6169047.969,139.07,4
679598.56,6167768.576,152.39,4
679482.27,6167740.998,157,4
679426.14,6169041.63,132.47,4
678410.49,6167005.509,161.64,4
678211.23,6167212.307,160.47,4
679303.21,6167744.752,157.05,4
678794.84,6168071.068,175.78,4
678900.59,6167926.235,165.41,4
678786.26,6167466.697,178.06,4
678244.74,6167486.805,197.45,4
678387.17,6167843.821,186.92,4
678560.47,6168134.508,186.96,4
679721.01,6167782.978,150.56,4
678600.48,6166970.812,148.29,4
678338.93,6168068.139,199.26,4
679865.44,6168803.684,130.88,4
679226,6168302.218,158.13,4
679135.57,6167406.418,158.44,4
678446.71,6167145.358,169.3,4
679913.41,6168408.398,137.79,4
679730.17,6167976.52,139.41,4
680072.31,6168201.485,130.46,4
680047.56,6168462.827,132.28,4
678574.76,6167386.914,174.06,4
679868.8,6168648.224,131.22,4
679231.59,6167617.79,170.89,4
679969.69,6167856.102,153.01,4
679837.77,6168248.894,136.25,4
679462.37,6168202.991,150.32,4
678921,6168117.682,171.97,4
679179.61,6168078.576,153.07,4
678608.6,6167602.79,180.55,4
680177.97,6168163.156,136.98,4
679985.49,6168147.082,130.22,4
680108.02,6168548.442,133.64,4
679110.12,6167270.347,152.9,4
679289.21,6168383.455,158.83,4
678325.74,6167314.433,191.23,4
678819.55,6167819.436,170.89,4
678859.2,6168234.332,183.29,4
680076.05,6168090.447,139.98,4
679569.87,6168633.667,141.33,4
679200.43,6167973.377,162.21,4
679033.56,6167944.967,156.82,4
679307.92,6167523.663,162.24,4
680284.53,6168250.356,130.64,4
680248.88,6167975.291,146.4,4
679783.25,6168888.542,126.62,4
679165.21,6167502.429,166.95,4
679866.76,6167419.81,152.68,4
680181.05,6167384.041,147.47,4
679869.84,6167214.33,132.72,4
680377.69,6167335.953,142.19,4
680126.23,6167258.667,139.04,4
680017.83,6167364.565,140.18,4
679739.81,6167332.612,140.04,4
680087.03,6167453.226,152.32,4
679882.24,6167317.575,138.76,4
680284.03,6167249.483,139.84,4
679551.64,6167410.987,151.86,4
679760.69,6167189.375,127.91,4
679643.47,6167363.508,148.84,4
679464.76,6167357.603,148.57,4
679963.06,6167256.025,129.97,4
680221.14,6166478.436,150.14,4
679298.53,6165919.005,167.67,4
679492.84,6166275.241,162.83,4
679929.8,6166889.896,123.14,4
679609.15,6165289.9,181.31,4
680126.74,6165481.019,156.26,4
678553.13,6166468.113,168.16,4
680482.78,6165461.191,141.16,4
680631.21,6165908.722,146.84,4
678641.47,6165458.337,195.25,4
678642.39,6166109.376,182.71,4
678912.58,6165647.3,167.21,4
678499.67,6165868.684,195.75,4
678829.13,6165902.413,191.1,4
678698.61,6165919.135,196.94,4
680715.13,6165573.031,134.82,4
679591.58,6166323.683,158.28,4
679405.75,6165808.527,159.51,4
680476.08,6166182.85,149.82,4
680754.64,6165674.103,137.58,4
678861.7,6166489.053,162.43,4
680338.31,6166136.158,153.24,4
679404.76,6166355.71,158.1,4
678794.37,6166048.888,184.98,4
679219.18,6166453.645,149.91,4
678945.66,6166400.669,161.57,4
680383.84,6165478.379,143.63,4
680324.85,6165870.653,158.4,4
678745.78,6165530.708,186.56,4
679872.37,6166200.607,163.08,4
679411.06,6166060.829,172.42,4
678879.29,6166139.683,173,4
680265.55,6165982.107,159.04,4
679558.88,6166424.622,148.39,4
680454.96,6166366.131,147.94,4
680259.5,6165405.739,155.64,4
680378.81,6166591.343,144.64,4
679910.32,6166444.448,156.36,4
680007.92,6166388.319,156.02,4
678880.79,6165504.854,183.14,4
680463.96,6165122.964,158.28,4
679834.51,6166100.713,165.99,4
680443.24,6165888.131,153.09,4
679641.43,6166550.405,153.03,4
680441.56,6166867.934,132.06,4
680519.44,6165992.774,149.89,4
679138.91,6166203.806,171.02,4
679514.41,6166087.705,172.43,4
679708.7,6165257.692,176.85,4
679588.76,6165772.446,153.81,4
679873.22,6166350.409,158.1,4
679954.8,6166589.502,153.57,4
679884.54,6165948.418,166.44,4
679834.39,6165182.402,168,4
678770.51,6166263.031,172.14,4
679672.46,6166147.476,162.71,4
679269.22,6165378.782,188.18,4
679014.96,6166127.28,179.72,4
679518.11,6165457.999,169.41,4
680474.48,6166529.653,140.48,4
679698.59,6165936.605,165.42,4
678483.52,6165500.5,204.73,4
678395.52,6166237.382,179.19,4
677998.72,6165939.463,224.47,4
679680.33,6165823.608,157.74,4
679379.22,6166577.301,133.77,4
679917.21,6165568.193,157.72,4
679394.85,6165482.461,171.53,4
678542.25,6165404.868,207.43,4
679524.7,6165900.486,168.48,4
679740.47,6165715.306,147.69,4
680597.4,6165227.373,147.44,4
678944.71,6165759.024,174.03,4
679212.17,6165515.145,170.59,4
678630.98,6166381.189,169.77,4
680102.47,6166880.343,119.98,4
679427.93,6165645.353,163.45,4
679479.71,6165292.458,187.93,4
678379.12,6166512.269,171.97,4
678888.05,6166301.251,162.07,4
679036.82,6166750.722,132.01,4
678792.83,6166907.917,129.9,4
678909.43,6166915.344,130.24,4
678668.16,6166901.478,129.58,4
679219.52,6166747.526,127.44,4
678601.56,6166825.941,136.79,4
678964.83,6166830.337,130.22,4
678860.3,6166826.421,131.91,4
681217.73,6160152.441,216.5,4
681416.24,6161999.054,185.42,4
680921.79,6162502.533,177.48,4
681043.82,6160153.349,218.67,4
680194,6162100.003,197.5,4
679611.46,6163993.904,164.5,4
681110.79,6162117.093,198.48,4
681365.55,6160283.8,206.4,4
679712.78,6164461.641,162.44,4
678667.95,6164464.371,201.48,4
678343.22,6164974.557,167.59,4
680888.66,6162301.883,186.48,4
679924.74,6164103.822,174.5,4
680399.68,6162838.616,181.44,4
680506.93,6163258.773,174.38,4
680163.42,6163941.805,160.51,4
680602.5,6163785.153,157.26,4
680064.69,6163820.149,165.76,4
680426.66,6162151.371,208.2,4
680459.9,6163763.487,166.85,4
681391.32,6160990.944,180.71,4
678970.1,6164458.988,200.53,4
679458.97,6164598.262,165.85,4
678526.6,6164679.841,198.68,4
680652.8,6162122.52,215.24,4
679826.58,6163750.373,185.5,4
680883.85,6164691.312,138.43,4
680272.29,6164187.658,155.02,4
680926.12,6163129.213,169.54,4
678428.89,6164908.225,171.1,4
679553.1,6164454.069,170.53,4
678419.15,6165281.182,218.23,4
680159.23,6163662.126,178.67,4
680213.15,6162461.271,196.88,4
680205.01,6162874.43,182.14,4
681027.89,6159942.617,206.63,4
681183.71,6162571.624,169.08,4
681235.91,6162475.315,179.36,4
679897.89,6164377.789,150.62,4
681261.47,6162278.929,187.72,4
680869.43,6164121.62,143.78,4
681473.64,6161543.671,184.56,4
680328.5,6164831.141,144.64,4
680587.91,6163642.428,161.82,4
680351.37,6164373.342,153,4
681441.11,6162343.85,181.78,4
680722.98,6162509.894,193.92,4
679601.84,6164811.645,158.29,4
680751.66,6163065.658,172.28,4
680073.15,6162974.029,182.5,4
679315.72,6164148.078,195.41,4
680759.73,6161802.627,221.57,4
679026.62,6163655.904,197.03,4
679796.87,6164405.313,159.08,4
680529.82,6161968.547,225.11,4
680097.18,6161864.087,220.63,4
680386.51,6161902.643,225.22,4
681127.91,6162715.601,172.06,4
680877.47,6161745.002,222.46,4
680393.24,6164095.509,148.63,4
680525.3,6163395.353,172.58,4
679739.13,6164627.426,162,4
679138.11,6163986.166,190.39,4
679507.94,6164284.409,166.22,4
679520.92,6163935.294,159.75,4
680791.44,6162852.124,179.76,4
680690.72,6163834.371,158.68,4
680918.2,6163761.317,151.15,4
680943.12,6159780.594,188.46,4
680708.9,6159344.494,204.51,4
680985.64,6162380.693,181.26,4
679886.56,6162834.185,207.82,4
679335.12,6163972.93,175.6,4
678674.85,6164580.831,197.63,4
680313.68,6163276.287,170.02,4
680211.37,6161936.263,225.34,4
681230.32,6161848.707,193.9,4
680259.4,6163975.93,154.72,4
678836.35,6164280.643,223.69,4
681495.27,6161236.058,186.01,4
702283.12,6162008.732,4.23,4
702023.79,6162206.051,3.76,4
701531.53,6161929.33,10.4,4
701754.24,6162126.039,6.8,4
702051.53,6161819.513,8.19,4
701713.93,6161716.305,13.56,4
702238.85,6162160.935,2.78,4
702360.79,6162115.129,3.44,4
701845.51,6161744.002,11.09,4
701609.8,6162012.704,8.65,4
701896.96,6162139.967,5.28,4
702174.6,6161930.64,7.11,4
702130.45,6162193.803,3.21,4
701429.58,6161839.955,12.31,4
701951.98,6161782.789,8.56,4
702375.33,6161969.798,4.38,4
700269.67,6161123.34,30.75,4
700461.75,6161244.332,31.63,4
700344.71,6161195.125,28.65,4
700191.2,6161258.758,28.31,4
700559.62,6161319.297,23.78,4
700409.69,6161336.735,26.84,4
700296.67,6161318.164,28.07,4
700173.89,6161157.824,29.2,4
696916.28,6161201.755,42.08,4
697048.77,6161189.343,37.8,4
696824.34,6161145.937,43.48,4
696971.69,6161104.569,42.17,4
697054.83,6161290.013,39.06,4
697140.1,6161234.358,34.59,4
702404.98,6161057.201,6.17,4
702063.08,6160880.567,12.93,4
702041.92,6161025.836,7.8,4
702159.44,6160913.256,13.1,4
701817.37,6160874.4,15.42,4
701885.45,6161004.543,8.36,4
702288.12,6160977.144,8.1,4
702284.15,6161078.037,6.57,4
701919.3,6160794.973,16.72,4
702165.36,6161029.5,6.8,4
695092.99,6160962.431,45.02,4
695209.13,6160968.382,42.77,4
695093,6161064.162,43.4,4
694708.8,6160812.595,44.98,4
701913.72,6159444.88,26.98,4
702801.04,6160426.473,7.21,4
702161.44,6160123.686,15.1,4
702392.65,6160147.224,19.95,4
702110.95,6159574.569,39.52,4
702456.27,6160054.477,19.86,4
702271.8,6160264.321,13.56,4
702331.89,6159826.008,33.06,4
702943.18,6160662.748,5.71,4
702620.6,6160364.654,9.25,4
702356.25,6160011.178,28.56,4
702069.6,6159435.674,33.34,4
702204.19,6159679.047,41.68,4
702202.91,6160008.54,18.75,4
702355.06,6160394.559,9.26,4
702003.86,6160194.594,15.47,4
702525.55,6160241.72,12.1,4
702184.65,6159900.357,21.92,4
701998.87,6160072.816,18.75,4
702451.82,6160428.756,7.94,4
702842.17,6160585.674,5.94,4
702046.07,6159909.131,21.98,4
702420.85,6160260.361,11.4,4
702097.71,6159705.568,32.02,4
702652.36,6160479.573,7.57,4
702206.85,6159543.588,44.93,4
702096.62,6160009.047,19.35,4
702290.38,6160148.79,16.96,4
702074.64,6159805.94,26.25,4
702103.25,6160261.187,13.97,4
702755.23,6160528.583,6.73,4
702720.96,6160317.146,8.35,4
702003.69,6159514.856,26.04,4
702179.73,6159798.874,28.46,4
702505.15,6160343.342,9.18,4
703049.07,6160692.22,4.42,4
702624.97,6160263.872,11.14,4
702297.76,6159714.731,40.18,4
702384.73,6159914.145,33.08,4
702550.36,6160450.249,8.22,4
703477.7,6160370.811,3.32,4
703364.85,6160193.058,4.5,4
703531.46,6159955.289,8.35,4
703331.01,6160098.11,6.73,4
703367.05,6159637.678,11.8,4
703462.08,6160256.474,3.07,4
703259.91,6160406.599,5.21,4
703082.59,6159703.25,20.29,4
703206.63,6159717.76,16.93,4
703490.4,6160125.075,5.03,4
703374.67,6159801.055,12.56,4
703679.55,6160271.903,2,4
703681.26,6160065.633,5.01,4
703551.5,6160210.88,3.08,4
703828.18,6159770.667,5.26,4
703458.73,6159679.427,11.1,4
703712.74,6159712.523,7.15,4
703547.67,6159778.854,9.85,4
703173.76,6160351.195,6.51,4
703107.29,6160172.305,9.43,4
703249.02,6160169.833,6.13,4
703219.38,6160036.903,10.78,4
703391.89,6160431.364,4.8,4
703591.12,6160118.004,4.51,4
703457.3,6159857.983,10.18,4
703736.53,6159816.323,5.38,4
703328.23,6160307.106,4.76,4
703252.22,6159808.85,15.22,4
703582.08,6160312.209,2.42,4
703612.3,6159685.058,11.61,4
703716.24,6160160.083,2.49,4
703307.92,6159724.818,14.55,4
703629.41,6159978.074,5.78,4
703186.38,6160249.464,8.28,4
703117.62,6160065.857,9.22,4
703309.6,6160494.171,5.42,4
700395.39,6160389.905,34.7,4
700265.02,6160220.375,37.81,4
699933.08,6159846.724,35.54,4
700527.54,6160477.439,31.35,4
700078.34,6159997.47,31.14,4
700125.73,6160099.623,38.9,4
700347.13,6160295.301,34.54,4
699987.18,6159940.066,36.47,4
700163.1,6160192.445,39.75,4
699808.37,6159792.77,41.27,4
701128.87,6159545.401,37.08,4
700757.29,6160056.852,25.05,4
700533.79,6159834.511,42,4
700814.22,6159448.139,50.7,4
701691.52,6160094.503,14.85,4
700733.6,6159264.775,59.63,4
700071.88,6159346.232,62.5,4
701571.28,6160273.501,14.5,4
700408.41,6159802.586,36.49,4
701094.52,6159791.742,27.11,4
700986.69,6159760.216,34.04,4
701278,6159992.047,25.26,4
701507.21,6160165.49,17.61,4
701162.55,6159430.002,47.13,4
700263.75,6159513.092,48.88,4
700420.26,6159686.002,49.54,4
701466.7,6160037.434,26.62,4
700330.97,6159604.475,43.61,4
700039.26,6159463.482,47.11,4
701315.09,6160183.921,19.84,4
700856.94,6159969.138,33.63,4
701235.77,6159803.564,28.45,4
700645.09,6159896.941,33.63,4
700846.17,6159234.556,51.08,4
701057.47,6159631.809,36.86,4
701200.56,6160122.256,19.87,4
701728.3,6159942.353,20.39,4
700965.42,6160078.339,23.55,4
701682.61,6160253.105,13.53,4
700908.34,6159554.919,38.18,4
699967.21,6159294.44,56.61,4
700198.16,6159643.694,39.09,4
700806.73,6159338.363,47.02,4
701166.82,6159704.853,29.88,4
701154.58,6159930.332,26.28,4
701410.82,6159897.507,25.92,4
700928.09,6159677.021,44.27,4
701086.83,6160129.108,20.71,4
701418.02,6160225.085,16.52,4
700147.54,6159455.367,59.52,4
700528.44,6159720.187,41.2,4
700787.32,6159890.775,39.84,4
701797.26,6160019.571,20.73,4
701021.88,6159862.7,36.2,4
701617.05,6160167.507,13.75,4
701392.37,6160107.405,18.98,4
701594,6160065.342,18.92,4
700667.17,6160000.02,27.04,4
700119.65,6159252.056,66.73,4
701214.5,6159613.922,36.11,4
704381.57,6159400.056,16.7,4
704631.47,6159543.756,5.36,4
704862.34,6159359.516,24.81,4
704561.35,6159666.678,3.89,4
704659.67,6159396.009,18.87,4
704401.71,6159228.509,25.85,4
704454.66,6159574.387,24.42,4
704508.45,6159265.42,24.51,4
704318.29,6159700.11,18.62,4
704927.29,6159542.006,0.85,4
704241.48,6159545.753,7.75,4
704745.96,6159270.935,38.79,4
704518.03,6159409.548,21.85,4
704770.62,6159496.44,31.98,4
704424.09,6159712.009,4.46,4
704431.94,6159860.514,1.15,4
704208.86,6159666.39,6.26,4
704312.48,6159883.054,3.39,4
704871.39,6159232.713,45.2,4
704934.99,6159429.541,20.39,4
704337.65,6159491.485,12.18,4
704643.22,6159264.744,42.24,4
704734.79,6159591.293,4.19,4
704349.81,6159598.092,14.27,4
704326.29,6159301.37,19.64,4
704112.67,6159622.665,5.92,4
704535.04,6159508.236,30.72,4
704763.06,6159389.11,23.96,4
704838.84,6159594.398,0.12,4
692797.11,6159812.648,59.97,4
692884.85,6159557.001,66.26,4
692568.9,6159876.871,58.36,4
692929.73,6159434.805,67.73,4
692695.42,6159843.995,60.43,4
692524.14,6159601.278,71.69,4
692791.03,6159912.939,58.54,4
692974.24,6159092.096,71.08,4
692878.61,6159683.74,63.04,4
692968.45,6159245.718,69.03,4
692613.63,6159685.313,71.37,4
692515.62,6159777.211,62.67,4
692897.69,6159327.834,70.21,4
691790.47,6159777.894,59.91,4
691850.33,6159678.089,63.87,4
690532.48,6159164.196,82.33,4
691260.5,6158814.972,97.56,4
691240.66,6158419.852,101.35,4
690841.48,6158276.37,113.07,4
690466.77,6158708.599,104.15,4
691063.8,6159332.175,88.39,4
690479.51,6158588.046,109,4
690969.47,6158956.124,78.96,4
691929.05,6157367.44,184.03,4
691627.03,6157622.225,171.63,4
691704.25,6157827.117,167.86,4
691229.22,6158196.655,121.15,4
691445.39,6158256.045,105.97,4
691811.73,6158265.276,133,4
691482.44,6158710.392,95.67,4
691956.9,6157744.707,151.84,4
690707.89,6159031.517,89.18,4
690718.27,6158496.073,105.78,4
691203.08,6159194.702,85.02,4
690953.48,6158220.835,110.24,4
691626.7,6158357.787,108.61,4
690658.96,6159144.847,79.01,4
690508.03,6158809.119,92.38,4
691615.16,6157910.676,155.38,4
690701.63,6159275.749,80.52,4
691294.12,6158912.302,88.74,4
690772.82,6159110.823,79.74,4
691611.6,6158144.595,159.15,4
690647.66,6159512.507,67.63,4
690370.79,6159127.723,71.58,4
690650.35,6158368.144,115.92,4
691729.08,6157519.872,213.7,4
690986.82,6158332.259,101.37,4
690558.76,6159261.081,73.96,4
691975.23,6157549.486,177.6,4
691816.37,6158164.953,143.84,4
691120.08,6158945.6,84.43,4
690987.03,6158830.672,81.26,4
691743.49,6158080.194,147.76,4
690755.55,6158394.266,111.79,4
691931.62,6158430.438,110.92,4
691284.35,6158588.507,102.57,4
691883.52,6157915.491,159.01,4
691088.17,6159449.685,78.6,4
690662.42,6159386.394,77.75,4
691046.83,6158700.889,93.26,4
690979.48,6159593.095,68.37,4
691215.88,6159324.217,75.54,4
691396.1,6158466.349,110.94,4
691083.44,6158389.193,112.48,4
690621.63,6158788.788,88.23,4
690871.35,6158689.057,105.09,4
691577.24,6158017.17,138.59,4
691868.18,6157575.662,171.37,4
691110.75,6158574.495,105.07,4
690461.62,6159037.578,75.88,4
691300.54,6159127.182,80.21,4
691109.3,6158153.541,112.89,4
690640.76,6158939.902,92.44,4
690695.26,6158684.752,94.62,4
690859.87,6158917.142,89.79,4
691345.52,6157885.113,128.58,4
691474.64,6158397.064,101.24,4
691805.82,6158472.962,109.15,4
690936.57,6159451.27,75.81,4
691368.11,6158035.171,117.25,4
691213.66,6158024.286,133.42,4
691775.07,6157981.226,178.84,4
690973.75,6158079.998,118.95,4
691655.07,6158495.928,104.64,4
691385.66,6158637.438,104.88,4
691540.63,6158218.641,146.16,4
691283.54,6158301.923,121.24,4
691469.01,6158579.893,103.5,4
690739.51,6158294.76,121.6,4
690813.29,6159233.574,73.62,4
691785.06,6157744.095,187.79,4
691105.69,6159073.069,72.73,4
690410.85,6158849.453,96.91,4
691067.03,6158244.983,109.58,4
694963.59,6158949.07,90.01,4
695054.12,6158993.946,77.53,4
694863.35,6158751.139,75.37,4
694995.42,6158773.88,86.44,4
694874.2,6158594.587,108.74,4
695004.07,6159190.33,72.54,4
694904.7,6159071.299,78.49,4
695054.65,6159102.611,73.87,4
695034.19,6158872.489,82.52,4
694982.47,6158670.648,85.77,4
694974.62,6159289.376,70.05,4
680609.07,6159140.83,180.78,4
680605.22,6159254.524,185.45,4
680518.97,6159198.862,190.48,4
697691.39,6158958.373,78.45,4
697097.01,6158662.869,91.2,4
697775.15,6158767.744,94.27,4
697375.25,6158856.387,75.92,4
697114.22,6158816.973,80.45,4
696754.28,6158427.841,100.41,4
697248.69,6158681.998,88.11,4
696810.79,6158553.102,87.08,4
697559.2,6159030.439,71.95,4
696628.71,6158193.694,124.93,4
696930.67,6158695.556,84.07,4
697283.47,6158797.692,78.96,4
697017.42,6158522.553,107.76,4
697582.11,6158785.879,81.73,4
697305.9,6158941.899,71.16,4
697592.54,6158923.134,80.24,4
696649.75,6158304.794,117.65,4
696654.08,6158416.814,98.5,4
697465.16,6158759.208,81.39,4
697474.5,6158952.291,72.93,4
697773.53,6158878.747,86.51,4
697653.15,6159088.839,72.9,4
697121.24,6158545.048,99.69,4
696978.15,6158424.628,106.71,4
697353.23,6158720.423,86.97,4
697187.91,6158923.866,74.21,4
696765.86,6158318.08,109.81,4
696904.15,6158508.317,104.01,4
697019.26,6158769.989,79.19,4
697680.89,6158807.821,86.62,4
697004.38,6158622.623,98.8,4
696529.86,6158211.1,104.79,4
696712.44,6158519.155,89.37,4
697506.09,6158851.963,78.28,4
680502.72,6158844.097,166.09,4
680334.71,6159131.859,209.43,4
680596.81,6158798.577,160.49,4
680315.29,6159030.08,198.97,4
680428.41,6159176.931,183.11,4
680436.54,6158949.425,187.03,4
680436.38,6159060.676,186.03,4
680339.3,6159233.139,189.39,4
689926.09,6158717.547,110.02,4
689696.53,6158750.131,108.64,4
689802.95,6158546.146,122.03,4
689862.37,6158861.611,98.99,4
689400.73,6158821.966,84.27,4
690061.25,6158508.198,108.4,4
689563.01,6158474.078,106.53,4
690046.6,6158902.052,100.44,4
689462.75,6158705.879,90.54,4
690090.83,6158678.749,98.89,4
689936.4,6158511.915,122.5,4
689543.39,6158598.954,94.41,4
689673.1,6158652.359,105.6,4
690184.92,6158790.847,89.99,4
690003.42,6158811.027,102.99,4
690219.54,6158903.36,84.82,4
689968.77,6158407.315,119.22,4
689796.9,6158690.615,117.43,4
689978.25,6158629.714,113.41,4
689252.3,6158967.048,78.63,4
689691.23,6158551.213,101.98,4
689908.19,6158957.731,90.9,4
689540.84,6158839.166,99.2,4
689681.49,6158858.099,99.6,4
689319.73,6158705.382,86.85,4
689224.56,6159075.357,75.83,4
690072.18,6159027.682,86.25,4
690204.36,6158680.724,94.96,4
690132.7,6158581.16,108.09,4
689261.96,6158805.604,91.38,4
689146.2,6158997.574,80.24,4
689874.42,6158620.184,118.3,4
689592.32,6158749.717,98.26,4
689419.79,6158606.848,106.38,4
689332.31,6158902.216,81.78,4
690232.8,6158578.349,100.85,4
689763.03,6158921.451,99.35,4
695189.83,6157415.951,150.23,4
694831.99,6157593.874,136.32,4
695354.67,6158824.494,78.25,4
694694.74,6157916.638,108.96,4
695612.75,6157641.822,129.19,4
695263.47,6157529.226,135.81,4
694610.79,6157989.432,105.61,4
694751.09,6157397.532,162.24,4
694924.72,6157924.318,120.38,4
695282.26,6158956.545,68.98,4
695774.86,6157895.395,111.74,4
695917.03,6157773.143,119.06,4
694523.85,6158082.861,93.05,4
694801.17,6157838.98,118.3,4
695279.74,6158731.164,77.39,4
695622.84,6157461.872,143.36,4
695267.95,6157647.647,128.96,4
695426.99,6157777.515,122.99,4
695644.41,6157985.095,107.14,4
694723.54,6158184.319,96.13,4
695167.82,6157583.774,133.56,4
695889.83,6157890.912,112.09,4
695500.71,6158463.701,85.78,4
695841.05,6157600.146,132.31,4
695417.9,6157492.769,132.85,4
695725.41,6157590.842,130.69,4
695124.97,6158258.489,96.55,4
695100.66,6157762.161,132.45,4
695230.67,6158267.005,94.97,4
695474.99,6158122.479,100.71,4
695347.51,6158620.135,80.88,4
695190.61,6157857.671,114.07,4
695003.57,6158168.253,107,4
695624.72,6157832.185,115.85,4
694802.8,6158271.721,95.94,4
695455.42,6158714.576,83.47,4
695000.4,6157380.414,166.56,4
695677.39,6158176.696,98.23,4
695609.16,6158448.915,90.53,4
695071.19,6157469.056,160.08,4
695473.01,6157990.412,104.13,4
695754.62,6158100.009,101.77,4
695822.3,6157723.324,121.99,4
694468.02,6157554.626,167.75,4
694714.42,6158079.846,100.07,4
694702.74,6157592.492,151.58,4
694956.76,6157628.098,144.49,4
695207.42,6157728.433,123.69,4
694516.62,6157726.812,132.3,4
695536.83,6157758.648,122.27,4
695822.7,6157999.563,104.56,4
695851.81,6158131.897,101.79,4
695779.39,6158275.698,97.22,4
694793.09,6157709.395,124.91,4
695020.18,6158363.647,93.64,4
694837.74,6158165.571,102.13,4
694938.67,6157468.606,155.53,4
695652.79,6158308.832,92.86,4
695041.65,6157870.822,126.74,4
694656.22,6157790.613,137.45,4
694895.07,6158027.067,113.17,4
695291.93,6157863.88,109.21,4
695304.06,6157763.958,117.52,4
695689.49,6157738.607,122.42,4
694941.37,6158297.304,96.84,4
695217.48,6158151.925,102.85,4
695081.93,6157971.7,115.73,4
695781.6,6157464.856,142.01,4
695224.61,6157952.056,117.47,4
695458.59,6158229.402,91.28,4
695039.87,6158071.222,108.34,4
694981.76,6157771.209,133.98,4
695280.94,6158054.034,102.01,4
694872.08,6157362.907,160.71,4
695481.61,6158593.674,82.64,4
695577.33,6158080.179,101.24,4
694550.79,6157836.704,121.87,4
695521.31,6157490.42,145.33,4
695063.84,6157615.032,149.56,4
692089.41,6157574.527,200,4
692592.22,6158361.506,100.79,4
692736.43,6158117.38,105.45,4
692269.96,6157621.967,175.72,4
692166.33,6157503.596,201.3,4
692348.89,6157472.181,207.97,4
692634.79,6158213.12,109.04,4
692358.61,6157761.281,148.14,4
692743.19,6158371.754,89.2,4
692957.92,6158652.274,78.54,4
692622.07,6157746.634,137.92,4
692630.87,6158005.521,118.15,4
692726.58,6157692.224,139.62,4
692113.45,6157733.853,167.9,4
692326.15,6158125.167,136.43,4
692621.02,6157645.404,146.62,4
692254.72,6157924.884,146.78,4
692891.45,6158041.035,121.36,4
692438.36,6157610.899,172.4,4
692576.73,6158091.144,115.61,4
692513.8,6158258.033,112.66,4
692140.53,6157950.73,155.65,4
692871.02,6157916.698,125.43,4
692416.8,6157901.055,138.75,4
692456.61,6157782.66,139.07,4
692404.77,6158036.806,145.13,4
692525.46,6157997.738,118.66,4
692254.03,6158200.349,129.68,4
692737.19,6157794.576,127.02,4
692801.34,6158491.958,94.83,4
692251.23,6157408.51,235.21,4
692560.35,6157855.636,134.9,4
692930.79,6158483.204,86.86,4
692855.13,6157659.376,149.96,4
692202.8,6157793.501,153.05,4
692660.18,6157864.419,126.09,4
693008.33,6158842.327,77.13,4
692544.63,6157577.081,150.6,4
692912.33,6158379.439,95.7,4
692721.08,6157947.793,116.98,4
692226.98,6158052.911,142.05,4
692404.08,6158246.286,123.32,4
693004.96,6158017.292,121.78,4
692753.17,6158216.304,105.89,4
692680.17,6158468.342,105.23,4
692977.64,6158979.342,72.8,4
692071.98,6157424.265,217.32,4
692427.35,6158142.485,124.79,4
692166.19,6157638.78,177.21,4
692838.97,6158161.793,112.94,4
693051.07,6158692.473,84,4
692527.77,6157689.073,156.32,4
692790.17,6158024.388,113.71,4
693009.98,6158557.04,83.92,4
692478.4,6158359.682,110.81,4
692876.94,6158576.278,90.47,4
692828.23,6158284.817,101.44,4
680316.88,6158755.294,194.86,4
680238.8,6158677.378,195.9,4
680214.15,6158792.761,202.34,4
693125.27,6158302.6,96.48,4
693122.16,6158406.383,91.26,4
680212.44,6158262.816,159.33,4
679885.7,6158218.529,173.17,4
680044.56,6158300.519,168.58,4
680288.75,6158381.39,174.12,4
679347.08,6157652.002,231.89,4
680020.52,6157929.35,159.27,4
680333.56,6158149.782,158.27,4
680546.84,6158179.596,151.34,4
679397.03,6157792.648,212.27,4
679966.5,6158387.525,179.82,4
679519.11,6158003.773,199.67,4
679834.64,6158030.739,172.12,4
679571.44,6157876.154,176.42,4
679452.58,6157880.452,191.54,4
679998.03,6158058.874,185.37,4
679774.6,6157827.123,179.99,4
680179.73,6158441.08,186.31,4
679513.66,6157733.409,200.49,4
679897.65,6157908.701,163.95,4
679337.21,6158016.869,201.5,4
680350.41,6158253.245,155.17,4
679684.53,6157909.754,175.55,4
679881.94,6158332.137,177.62,4
680441.13,6158182.324,153.66,4
680064.44,6158443.244,188.31,4
679812.47,6158143.484,193.32,4
680147.77,6158179.299,164.12,4
679674.43,6157795.087,189.03,4
680664.35,6158176.611,156.56,4
680509.85,6158273.402,161.95,4
679792.81,6157928.527,171.88,4
679623.69,6157989.995,198.12,4
680421.32,6158327.177,160.44,4
680153.42,6158343.592,172.44,4
679912.32,6158117.741,194.17,4
680732.69,6157867.376,149.67,4
679513.64,6156862.194,223.94,4
680612.14,6157876.354,191.08,4
680160.05,6157699.024,161.67,4
679978.72,6157215.104,176.43,4
679884.64,6157609.329,189.2,4
680002,6157693.418,177.08,4
679638.59,6157036.248,224.26,4
679427.82,6157210.209,194.43,4
680304.89,6157543.606,177.36,4
679422.23,6157432.07,230.58,4
680490.65,6157033.256,175.15,4
679949.74,6157840.845,182.11,4
679732.13,6157262.012,169.26,4
679987.05,6156972.354,230.9,4
680344.65,6157858.151,194.9,4
679907.02,6156866.166,219.57,4
680259.35,6157432.269,200.13,4
680124.4,6157932.101,160.5,4
679698.51,6157648.42,217.8,4
680080.64,6157160.092,201.24,4
680701.57,6157537.449,176.72,4
679489.96,6156561.726,196.81,4
679817.2,6157090.462,209.08,4
679990.75,6157498.699,222.7,4
680250.12,6156818.55,161.61,4
679520.72,6157041.093,223.58,4
680132.56,6157062.864,190.94,4
680302.6,6157205.454,174,4
679892.17,6156726.209,174.02,4
679852.01,6157424.858,218.45,4
679722.27,6157153.037,193.85,4
679582,6156720.523,194.39,4
679668.37,6156658.094,182.59,4
680794.38,6157586.491,147.52,4
679649.09,6156799.422,200,4
679551.44,6157442.676,229.4,4
679721.38,6156937.7,239.95,4
680600.99,6157408.492,182.41,4
679619.5,6157238.598,172.54,4
680074.62,6156673.694,147.77,4
680512.36,6157987.241,185.5,4
680089.85,6157804.711,167.72,4
679469.17,6157334.402,212.03,4
679977.25,6157109.264,208.28,4
680136.3,6156935.474,211.99,4
680477.03,6157478.632,199.33,4
680088.94,6157475.552,209.78,4
680056.26,6156844.584,200.29,4
679866.22,6157267.699,166.79,4
680230.61,6157925.242,182.55,4
679293.78,6156851.249,248.05,4
680515.4,6157574.392,170.2,4
679947.41,6158203.546,169.25,4
680311.77,6156977.755,200.18,4
679324.72,6156970.662,256.36,4
679419.27,6156636.904,232.98,4
680659.86,6157780.851,175.85,4
679665.75,6157499.136,219.45,4
680048.92,6158069.965,190.13,4
680390.12,6157999.943,193.54,4
679814.97,6157808.844,188.77,4
679438.1,6157649.226,217.05,4
680435.91,6157735.1,167.07,4
679755.57,6156840.847,216.79,4
680049.96,6157596.394,190.7,4
679586.88,6156945.128,243.03,4
680222.5,6156698.389,141.48,4
679340.78,6157524.113,237.54,4
679874.64,6157711.74,198.44,4
680567.23,6158078.603,152.32,4
680159.9,6157387.552,182.44,4
679560.46,6157711.683,200.64,4
680431.98,6157357.381,170.2,4
679846.08,6156945.807,237.9,4
679343.12,6156724.6,236.46,4
679498.95,6156434.731,157.98,4
679618.34,6156551.584,171.31,4
680461.95,6157836.775,179.07,4
679442.7,6156967.627,241.58,4
693128.95,6157673.655,144.53,4
683009.28,6156988.981,107.28,4
682913.6,6156713.662,102.78,4
682815.89,6156991.223,101.75,4
682831.88,6156636.641,96.29,4
682981.48,6156637.468,102.7,4
682910.6,6157293.319,103.35,4
682686.34,6156962.698,102.55,4
682769.92,6156819.526,104.78,4
683081.99,6156893.755,93.69,4
682866.41,6157460.507,99.19,4
683187.89,6156803.886,93.92,4
683242.55,6156629.642,92.98,4
683043.81,6157216.725,105.91,4
683065.3,6156567.558,101.18,4
683163.91,6157061.59,92.82,4
682918.34,6157146.491,109.99,4
682559.25,6156998.322,108.32,4
683176.86,6156543.674,92.04,4
682713.04,6156668.505,101.71,4
683142.16,6157191.983,93.22,4
682437.23,6156979.915,109.34,4
683029.45,6157316.193,96.92,4
682914.47,6157033.373,109.05,4
683161.84,6156954.016,92.36,4
678117.4,6156412.393,222.1,4
679096.09,6156058.346,164.72,4
678528.31,6156111.049,201.98,4
677950.05,6156221.787,196.4,4
678843.75,6156483.079,202.4,4
678486.03,6156387.609,238.88,4
678925.07,6155712.967,209.46,4
678975.32,6156096.456,180.08,4
679100.7,6156439.695,200.81,4
678289.49,6156411.935,228.95,4
678764.69,6156275.138,206.11,4
678700.93,6155844.563,160.88,4
679136.16,6156182.999,190.1,4
679322.86,6156241.025,161.77,4
678889.28,6156042.009,217.35,4
678980.94,6156345.001,212.2,4
678815.9,6155938.511,209.38,4
678625.56,6156392.388,238.79,4
678868.87,6156319.327,173.81,4
678217.02,6156208.828,206.13,4
679070.11,6155677.457,154.31,4
678457.54,6156274.659,202.05,4
678717.05,6156046.535,189.63,4
678565.51,6156297.089,227.53,4
678538.91,6156635.715,224.51,4
678200.06,6156510.203,245.19,4
678728.34,6156495.556,193.61,4
678428.03,6156126.6,204.44,4
678234.66,6156611.981,263.36,4
678882.37,6156209.479,177.07,4
678410.13,6156613.938,262.07,4
679007.42,6156193.549,167.54,4
678311.17,6156111.801,174.27,4
679161.16,6155956.428,165.22,4
678803.56,6155748.444,184.31,4
678317.61,6156230.855,227.69,4
678106.68,6156219.677,190.75,4
679264.58,6156341.952,176.24,4
678980.91,6155803.061,207.5,4
678639.67,6156219.485,217.78,4
678998.33,6156447.135,228.39,4
678589.54,6155984.427,186.63,4
679103.38,6156295.11,224.74,4
678925.8,6155916.005,218.74,4
679096.79,6155836.723,164.46,4
678413.12,6156507.337,248.19,4
678388.66,6156364.174,209.1,4
678299.63,6156519.504,237.77,4
678639.37,6156111.555,183.58,4
678030.54,6156308.891,196.05,4
678732.62,6156175.812,224.34,4
678197.88,6156338.471,239.39,4
678566,6156482.211,241.15,4
678881.28,6155826.229,214.47,4
678474.01,6156022.603,183.94,4
678732.12,6156371.761,206.19,4
678325.25,6156672.412,272.87,4
677848.27,6156146.236,184.06,4
679222.21,6156237.324,192.94,4
678634.81,6156586.632,204.43,4
678684.84,6155947.053,165.09,4
679076.14,6155573.991,147.11,4
678813.18,6156108.512,219.87,4
682469.28,6156273.062,108.03,4
682784.15,6154470.852,144.08,4
682943.1,6154463.825,152.61,4
683000.54,6154049.509,152.13,4
682280.59,6154354.778,165.47,4
682344.65,6154056.823,166.99,4
683035.54,6155125.598,115.52,4
682875.4,6154681.412,135.72,4
683161.2,6154537.713,142.46,4
683108.6,6154343.091,153.58,4
682270.85,6154572.738,158.77,4
683225.98,6154683.868,131.7,4
682433.44,6154253.715,150.63,4
683358.09,6155780.45,116.38,4
683058.02,6155288.722,124.17,4
683091.29,6153988.996,146.79,4
682357.01,6154843.528,130.58,4
683105.19,6154097.027,145.3,4
682735.05,6153584.823,161.87,4
683241.93,6155998.793,100.97,4
682975.78,6153837.964,149.36,4
682762.41,6153982.414,176.22,4
682030.96,6154102.299,160.54,4
682330.38,6156205.851,112.48,4
683339.48,6154864.013,126.12,4
682229.07,6153992.022,181.26,4
682174.03,6154128.671,172.46,4
682765.37,6153470.857,172.38,4
682916.6,6153965.526,161.8,4
682264.54,6154233.469,164.32,4
683364.6,6156019.024,113.56,4
682453.19,6153567.74,193.81,4
681672.32,6155741.503,121.27,4
682655.22,6154135.918,165.25,4
682679.25,6154890.153,127.75,4
682196.04,6153800.549,178.87,4
682820.54,6153744.024,156.79,4
682104.37,6156166.785,98.97,4
682605.57,6153778.349,180.44,4
682681.25,6153920.808,179.5,4
682535.45,6154061.65,161.4,4
682311.93,6154677.563,145.18,4
682049.28,6154563.456,142.42,4
682479.39,6154548.181,154.23,4
683104.3,6155575.31,118.03,4
682569.42,6153947.057,173.31,4
682384.45,6153901.299,184.22,4
682854.62,6155902.241,117.7,4
682553.53,6154463.043,141.82,4
682465.56,6153980.594,166.04,4
682723.11,6154685.529,133.41,4
682969.96,6154596.493,153.43,4
682552.15,6153600.095,177.43,4
682287.26,6154464.585,164.46,4
683256.01,6154781.504,127.91,4
682200.03,6154678.75,142.43,4
682682.43,6156155.218,93.08,4
682794.67,6156091.854,95.75,4
683228.3,6154273.348,139.47,4
683250.03,6154167.984,141.01,4
683067.92,6154490.847,156.01,4
682090.17,6154739.181,134.59,4
682985.66,6154776.349,144.41,4
682636.53,6154570.457,139.6,4
682101.75,6154014.757,165.14,4
682088.7,6154248.124,167.31,4
683159.75,6155733.461,117.28,4
683248.72,6155872.393,112.98,4
681748.34,6156069.207,111.18,4
682977.61,6154234.696,161.69,4
683265.59,6154435.365,133.64,4
683080.42,6154728.399,143.48,4
682267.92,6153564.197,205.52,4
683259.34,6155035.053,124.67,4
682630.66,6154368.08,158.81,4
682439.92,6153724.592,179.03,4
682556.19,6154792.855,137.73,4
682577.93,6156309.6,93.93,4
683411.35,6154793.563,129.7,4
683037.74,6155684.145,113.5,4
681202.24,6155838.745,104.16,4
681069.37,6155461.201,110.31,4
680934.59,6155327.453,120.36,4
681244.67,6156044.245,99.68,4
681161.04,6155720.201,106.37,4
680840.36,6156058.208,121.51,4
681296.14,6156171.379,103.84,4
680981.71,6156026.814,117.5,4
681094.83,6155631.424,112.79,4
681101.43,6156047.496,117.03,4
681361.67,6156320.183,98.68,4
681223.82,6155938.995,101.89,4
681026.13,6155370.353,111.21,4
677718.32,6155697.833,212.42,4
677577.35,6155743.142,239.98,4
677612.31,6155553.914,200.67,4
677728.33,6155584.021,196.6,4
677520.77,6155622.355,211.36,4
677694.54,6155901.571,185.31,4
677583.69,6155874.918,219.36,4
677492.09,6155819.192,248.5,4
677675.83,6155790.391,219.78,4
681403.31,6155442.842,126.87,4
681456.5,6155580.112,123,4
681502.73,6155678.952,119.76,4
679236.94,6155123.133,126.6,4
679843.64,6155520.334,122.78,4
679388.93,6155265.405,125.34,4
679098,6155113.714,130.13,4
680161.99,6155525.934,131.01,4
679680.82,6155499.593,129.11,4
679498.34,6155362.774,123.39,4
679578.52,6155456.551,123.73,4
680048.99,6155571.458,132.81,4
679947.43,6155579.96,131.95,4
680308.25,6155475.033,132.21,4
679337.69,6155170.112,123.74,4
679669.75,6154778.006,138.73,4
679457.47,6154677.908,148.3,4
678999.32,6155018.474,126.36,4
679368.37,6154610.197,151.59,4
679731.31,6154623.683,151.07,4
679090.16,6154820.432,144.41,4
679101.78,6154559.242,157.97,4
679324.91,6154845.346,126.3,4
679010.44,6154739.301,149.35,4
679427.17,6154779.464,131.11,4
679086.53,6154938.684,125.69,4
679557.33,6154753.816,139.74,4
679102.12,6154663.059,153.59,4
679219.6,6154854.177,130.91,4
680045.38,6154012.669,164.74,4
680079.45,6153828.78,165.7,4
680088.08,6154440.303,130.31,4
680197.65,6154605.182,150.79,4
680042.97,6154301.728,138.16,4
680195.97,6154463.989,152.41,4
680267.86,6153435.547,193.14,4
680108.59,6154766.123,121.14,4
680102.67,6154203.567,158.66,4
680110.41,6153934.915,168.22,4
680141.36,6153742.339,175.54,4
680331.62,6153650.847,176.83,4
679965.44,6154118.719,153.73,4
680252.92,6154873.115,139.44,4
680116.38,6154102.4,164.46,4
680162.12,6154304.35,157.67,4
680201.55,6154705.863,150.36,4
680099.29,6154582.458,130.54,4
680231.73,6153658.571,173.51,4
680282.38,6153557.832,182.26,4
679981.37,6154220.981,144.2,4
683925.18,6154639.591,117.27,4
684037.24,6154729.408,110.96,4
683841.35,6154574.143,111.79,4
681619.37,6153819.01,165.97,4
681502.59,6153777.711,179.44,4
681613.98,6154068.841,155.12,4
681718.42,6153905.89,159.89,4
681498.16,6153941.825,172.56,4
681618.43,6153710.544,169,4
681535.19,6153654.88,176.42,4
681616.38,6153925.672,163.37,4
681515.26,6154103.964,161.36,4
681692.1,6154004.956,157.82,4
